1,1,picICon_1,1
2,1,picICon_2,1
3,2,picICon_3,1
4,2,picICon_4,0
5,3,#009AFF,1
6,4,picICon_6,1
7,5,picICon_7,1
8,3,#FFCC99,1
9,3,#9F1715,1
10,3,#10FF00,1
11,3,#00F3FF,1
12,3,#FFAE00,1
13,3,#00FF91,1
14,7,picICon_5,1
15,7,picICon_5,1
16,7,picICon,1
17,7,picICon,0
18,7,picICon,1
19,8,picICon_5,1
20,8,picICon_5,1
21,8,picICon,1
22,8,picICon,0
23,8,picICon,1
24,10,picICon_5,1
25,10,picICon_5,1
26,10,picICon,1
27,10,picICon,0
28,10,picICon,1
29,11,picICon_5,1
30,11,picICon_5,1
31,11,picICon,1
32,11,picICon,0
33,11,picICon,1
34,12,picICon_5,1
35,12,picICon_5,1
36,12,picICon,1
37,12,picICon,0
38,12,picICon,1
39,13,picICon_5,1
40,13,picICon_5,1
41,13,picICon,1
42,13,picICon,0
43,13,picICon,1
44,14,picICon_5,1
45,14,picICon_5,1
46,14,picICon,1
47,14,picICon,0
48,14,picICon,1
49,15,picICon_5,1
50,15,picICon_5,1
51,15,picICon,1
52,15,picICon,0
53,15,picICon,1